Original_sentence,simplified_1,simplified_2
مدل‌ها نسخه‌های مخصوص ارتش روسیه:  ۳ ام ۵۴: نسخه‌ای که ناتو به ان لقب اس‌اس‌ان ۲۷ ای داد و دارای نقش ضدکشتی است با پیشرانه توربوجت.,مدل‌ها نمونه‌های مخصوص ارتش روسیه:  ۳ ام ۵۴: نمونه‌ای که ناتو به ان لقب اس‌اس‌ان ۲۷ ای داد و دارای نقش ضدکشتی است با پیشرانه توربوجت.,مدل‌ها نسخه‌های مخصوص ارتش روسیه:  ۳ ام ۵۴: نسخه‌ای که ناتو به ان لقب اس‌اس‌ان ۲۷ ای داد و دارای نقش ضدکشتی است با پیشرانه توربوجت.
به گزارش صبحانه، متهم ۳۸ ساله این پرونده که در پی وسوسه‌های شیطانی پس از آشنایی و دوستی خیابانی با زن ۲۷ ساله‌ای به نام الناز اقدام به اسیدپاشی کرده است، وقتی مقابل میز عدالت قرار گرفت درباره چگونگی آشنایی خود با الناز به قاضی دشتبان بازپرس شعبه ۴۰۹ دادسرای عمومی و انقلاب مشهد گفت: حدود یک سال قبل در بولوار عبدالمطلب مغازه داشتم و مشغول به کار بودم تا این‌که شبی الناز از آن جا عبور کرد که ما با یکدیگر آشنا شدیم.,به گزارش صبحانه، متهم ۳۸ ساله این پرونده که در اثر انگیزه‌های شیطانی پس از آشنایی و دوستی خیابانی با زن ۲۷ ساله‌ای به نام الناز اقدام به اسیدپاشی کرده است، وقتی مقابل میز عدالت قرار گرفت درباره چگونگی آشنایی خود با الناز به قاضی دشتبان بازپرس شعبه ۴۰۹ دادسرای عمومی و انقلاب مشهد گفت: حدود یک سال قبل در بولوار عبدالمطلب مغازه داشتم و مشغول به کار بودم تا این‌که شبی الناز از آن جا عبور کرد که ما با یکدیگر آشنا شدیم.,به گزارش صبحانه، متهم ۳۸ ساله این پرونده که در پی وسوسه‌های شیطانی پس از آشنایی و دوستی خیابانی با زن ۲۷ ساله‌ای به نام الناز اقدام به اسیدپاشی کرده است، وقتی مقابل میز عدالت قرار گرفت درباره چگونگی آشنایی خود با الناز به قاضی دشتبان بازپرس شعبه ۴۰۹ دادسرای عمومی و انقلاب مشهد گفت: حدود یک سال قبل در بولوار عبدالمطلب مغازه داشتم و مشغول به کار بودم تا این‌که شبی الناز از آن جا عبور کرد که ما با یکدیگر آشنا شدیم.
اگر مجددا اقدام به باز‌کردن نرم‌افزار اشاره‌شده بکنید، این روند دوباره از سر گرفته می‌شود.,اگر دوباره اقدام به باز‌کردن نرم‌افزار اشاره‌شده بکنید، این اتفاق دوباره اتفاق می‌افتد.,اگر دوباره اقدام به باز‌کردن برنامه اشاره‌شده بکنید، این روند دوباره از سر گرفته می‌شود.
وقتی محاذی ایستگاه اتومبیل‌های حاج در این بیابان رسیدند، توقف نمود و از حال مسافرین بازپرس نمود؛ و از بیشتری وضعیت سلوک مردم خطه راه مدینه با زوار بیت‌الله استفسار کرد و از افراد مختلفه هر کشوری شخصا بازرسی می‌کرد.,وقتی روبه‌رو ایستگاه اتومبیل‌های حاج در این بیابان رسیدند، توقف کرد و از حال مسافرین پرسید؛ و از بیشتری وضعیت زندگی مردم خطه راه مدینه با زائران بیت‌الله پرس و جو کرد و از افراد مختلف هر کشوری شخصا پرس و جو می‌کرد.,وقتی روبروی ایستگاه اتومبیل‌های حاج در این بیابان رسیدند، توقف نمود و از حال مسافرین سوال پرسید؛ و از بیشتری وضعیت رفتار مردم خطه راه مدینه با زائران بیت‌الله پرسش کرد و از افراد مختلفه هر کشوری شخصا بازرسی می‌کرد.
هابرماس معتقد است، عرصه عمومی زمانی پدید می‌آید که افراد به‌طور گروهی درباره نیازهای عمومی‌شان بیندیشند.,هابرماس معتقد است، مکان عمومی زمانی به وجود می‌آید که افراد به‌طور گروهی درباره نیازهای همگیشان فکر کنند.,هابرماس معتقد است، عرصه عمومی زمانی بوجود می‌آید که افراد به‌طور گروهی درباره نیازهای عمومی‌شان بیندیشند.
ایزوله: نوع فرآوری شده که چربی و لاکتوز آن تا حدود زیادی حذف‌شده و نود درصد از وزن آن را پروتئین خالص تشکیل می‌دهد.,ایزوله: نوع ایجاد شده که چربی و لاکتوز آن تا حدود زیادی حذف‌شده و نود درصد از وزن آن را پروتئین خالص تشکیل می‌دهد.,ایزوله: نوع فرآوری شده که چربی و لاکتوز آن تا حدود زیادی حذف‌شده و نود درصد از وزن آن را پروتئین خالص تشکیل می‌دهد.
گرچه پس از پایان دوران این قرارداد تلاش‌ها و رایزنی‌های بسیاری از جانب نمایندگان اتحاد جماهیر شوروی سوسیالیستی جهت تداوم این قرارداد پرمنفعت به عمل آمد، اما سرانجام با پی گیری‌ها و مجاهدات برخی رجال ایران همچون میرزا احمدعلی خان سپهر مورخ الدوله سپهر، که در این زمان ریاست هیئت‌مدیره شرکت شیلات ایران و شوروی را عهده‌دار بود، و همچنین با رشادت و پایمردی نخست‌وزیر وقت ایران، دکتر محمد مصدق، در روز ۱۲ بهمن‌ماه سال ۱۳۳۱ خورشیدی، و بدنبال پایان موعد قانونی قرارداد مذکور، صنعت ماهی و شیلات ایران برای همیشه ملی اعلام گردید.,گرچه پس از پایان دوران این قرارداد تلاش‌ها و گفتگوهای بسیاری از طرف نمایندگان اتحاد جماهیر شوروی سوسیالیستی جهت ادامه این قرارداد پرسود به عمل آمد، اما سرانجام با پی گیری‌ها و تلاش برخی مردان ایران همچون میرزا احمدعلی خان سپهر مورخ الدوله سپهر، که در این زمان ریاست هیئت‌مدیره شرکت شیلات ایران و شوروی را داشت، و همچنین با شجاعت و حمایت نخست‌وزیر وقت ایران، دکتر محمد مصدق، در روز ۱۲ بهمن‌ماه سال ۱۳۳۱ خورشیدی، و بدنبال پایان زمان قانونی قرارداد گفته شده، صنعت ماهی و آبزیان ایران برای همیشه ملی شد.,گرچه پس از پایان دوران این قرارداد تلاش‌ها و مشورت‌های بسیاری از طرف نمایندگان اتحاد جماهیر شوروی سوسیالیستی جهت تداوم این قرارداد پرمنفعت به عمل آمد، اما سرانجام با پی گیری‌ها و تلاش‌های برخی بزرگان ایران همچون میرزا احمدعلی خان سپهر مورخ الدوله سپهر، که در این زمان ریاست هیئت‌مدیره شرکت شیلات ایران و شوروی را عهده‌دار بود، و همچنین با شجاعت و غیرت نخست‌وزیر وقت ایران، دکتر محمد مصدق، در روز ۱۲ بهمن‌ماه سال ۱۳۳۱ خورشیدی، و بدنبال پایان موعد قانونی قرارداد مذکور، صنعت ماهی و شیلات ایران برای همیشه ملی اعلام گردید.
روز خوب برای سخت مردن پنجمین فیلم مجموعه اکشن جان‌سخت هم به چرخه تولید افتاد.,روز خوب برای سخت مردن پنجمین فیلم مجموعه هیجانی جان‌سخت هم به چرخه تولید آمد.,روز خوب برای سخت مردن پنجمین فیلم مجموعه اکشن جان‌سخت هم به چرخه تولید افتاد.
فیروز آبادی، در برهه زمانی که دولت تاکید دارد حذف یارانه بگیران می‌تواند با خطا و چالش هایی همراه بوده و در این رابطه اعتراض‌ها کم نیست و از این رو نمی‌توان به یکباره ۲۴ میلیون را حذف کرد، از کاهش ثبت اعتراض‌ها نسبت به حذف یارانه‌ها خبر داده و عنوان کرده که بر اساس آخرین آمارها میزان اعتراض‌ها به شدت کاهش‌یافته و تعداد اعتراض‌کنندگان به نزدیک صفر رسیده است.,فیروز آبادی، در مرحله زمانی که دولت تاکید دارد حذف یارانه بگیران می‌تواند با خطا و سختی هایی همراه بوده و در این رابطه شکایت کم نیست و از این رو نمی‌توان به یکباره ۲۴ میلیون را حذف کرد، از کاهش ثبت شکایت‌ها نسبت به حذف یارانه‌ها خبر داده و عنوان کرده که بر اساس آخرین آمارها میزان شکایت‌ها به شدت کاهش‌یافته و تعداد شکایت‌کنندگان به نزدیک صفر رسیده است.,فیروز آبادی، در برهه زمانی که دولت تاکید دارد حذف یارانه بگیران می‌تواند با خطا و مسئله هایی همراه بوده و در این رابطه اعتراض‌ها کم نیست و از این رو نمی‌توان به یکباره ۲۴ میلیون را حذف کرد، از کاهش ثبت اعتراض‌ها نسبت به حذف یارانه‌ها خبر داده و عنوان کرده که بر اساس آخرین آمارها میزان اعتراض‌ها به شدت کاهش‌یافته و تعداد اعتراض‌کنندگان به نزدیک صفر رسیده است.
۴۹۵۴۲۱  عنوان: هدیه ۶۰۰ میلیارد تومانی رهبرانقلاب به محرومان  متن: سعیدی کیا به اهدا اسناد علوی توسط بنیاد مستضعفان اشاره کرد و گفت: تاکنون حدود ۴۰ هزار سند به ارزش ۶۰۰ میلیارد تومان به مردم مناطق محروم واگذار شده که ۹۹ درصد آن هبه از سوی مقام معظم رهبری بوده است.,۴۹۵۴۲۱  عنوان: هدیه ۶۰۰ میلیارد تومانی رهبرانقلاب به فقیران  متن: سعیدی کیا به اهدا اسناد علوی توسط بنیاد مستضعفان اشاره کرد و گفت: تاکنون حدود ۴۰ هزار سند به ارزش ۶۰۰ میلیارد تومان به مردم مناطق فقیر واگذار شده که ۹۹ درصد آن هدیه از سوی مقام معظم رهبری بوده است.,۴۹۵۴۲۱  عنوان: هدیه ۶۰۰ میلیارد تومانی رهبرانقلاب به محرومان  متن: سعیدی کیا به اهدا اسناد علوی توسط بنیاد مستضعفان اشاره کرد و گفت: تاکنون حدود ۴۰ هزار سند به ارزش ۶۰۰ میلیارد تومان به مردم مناطق محروم واگذار شده که ۹۹ درصد آن هدیه از سوی مقام معظم رهبری بوده است.
هرابال نویسنده پرکاری بود که بدون توجه به چاپ اثرش و گاهی به اصطلاح برای بایگانی در کشوی میز می‌نوشت ولی آثارش همیشه و در همان زمان به صورت نسخه‌های دست‌نویس بین مردم دست به دست می‌شد.,هرابال نویسنده پرکاری بود که بدون توجه به چاپ اثرش و گاهی به شوخی برای بایگانی در کشوی میز می‌نوشت ولی آثارش همیشه و در همان زمان به صورت نمونه‌های دست‌نویس بین مردم دست به دست می‌شد.,هرابال نویسنده پرکاری بود که بدون توجه به چاپ اثرش و گاهی به اصطلاح برای نگهداری در کشوی میز می‌نوشت ولی آثارش همیشه و در همان زمان به صورت نسخه‌های دست‌نویس بین مردم دست به دست می‌شد.
این شخصیت توسط نویسنده استن لی و طراح جان بوشما بر پایه مفیستوفل، شخصیتی اهریمنی در افسانه‌های فاوست خلق شده‌است؛ که برای اولین بار در شماره ۳ از کمیک موج‌سوار نقره‌ای دسامبر ۱۹۶۸ معرفی شد.,این شخصیت توسط نویسنده استن لی و طراح جان بوشما بر پایه مفیستوفل، شخصیتی شیطانی در افسانه‌های فاوست ایجاد شده‌است؛ که برای اولین بار در شماره ۳ از کمیک موج‌سوار نقره‌ای دسامبر ۱۹۶۸ معرفی شد.,این شخصیت توسط نویسنده استن لی و طراح جان بوشما بر پایه مفیستوفل، شخصیتی شیطانی در افسانه‌های فاوست خلق شده‌است؛ که برای اولین بار در شماره ۳ از کمیک موج‌سوار نقره‌ای دسامبر ۱۹۶۸ معرفی شد.
به گزارش ایران، سهیلا ۲۴ ساله که مادر دختری ۲ ساله و پسری ۴ ماهه است، چند روزقبل فرزندانش را به خانواده همسرش سپرد و از عراق راهی ایران شد.,به گزارش ایران، سهیلا ۲۴ ساله که مادر دختری ۲ ساله و پسری ۴ ماهه است، چند روزقبل فرزندانش را به خانواده همسرش داد و از عراق به سمت ایران راه افتاد.,به گزارش ایران، سهیلا ۲۴ ساله که مادر دختری ۲ ساله و پسری ۴ ماهه است، چند روزقبل فرزندانش را به خانواده همسرش سپرد و از عراق راهی ایران شد.
خانه دوست کجا است داستان ساده‌ای درباره یک پسر مدرسه‌ای هشت ساله باوجدان را روایت می‌کند که تلاش می‌کند دفترچه دوستش را که در روستای همسایه زندگی می‌کند به او بازگرداند وگرنه دوستش را از مدرسه بیرون می‌کنند.,خانه دوست کجا است داستان ساده‌ای درباره یک پسر مدرسه‌ای هشت ساله مسئولیت‌پذیر را روایت می‌کند که تلاش می‌کند دفترچه دوستش را که در روستای همسایه زندگی می‌کند به او بازگرداند وگرنه دوستش را از مدرسه بیرون می‌کنند.,خانه دوست کجا است داستان ساده‌ای درباره یک پسر مدرسه‌ای هشت ساله باوجدان را روایت می‌کند که تلاش می‌کند دفترچه دوستش را که در روستای همسایه زندگی می‌کند به او برگرداند وگرنه دوستش را از مدرسه بیرون می‌کنند.
این عصاره برای درمان سرماخوردگی و گلودرد بسیار نافع است و از آن می‌توان به عنوان غرغره در هنگام گلودرد استفاده کرد.,این ماده برای درمان سرماخوردگی و گلودرد بسیار خوب است و از آن می‌توان به عنوان غرغره در هنگام گلودرد استفاده کرد.,این عصاره برای درمان سرماخوردگی و گلودرد بسیار مفید است و از آن می‌توان به عنوان غرغره در هنگام گلودرد استفاده کرد.
۵  ماست اورگانیک ۱۰۰ گرم حاوی ۱۰۰ تا ۱۵۰ میلیگرم کلیسیم ماست از مواد لبنی است و حاوی کلسیم بالا است.,۵  ماست طبیعی ۱۰۰ گرم دارای ۱۰۰ تا ۱۵۰ میلیگرم کلیسیم ماست از مواد بر پایه شیر است و دارای کلسیم بالا است.,۵  ماست اورگانیک ۱۰۰ گرم حاوی ۱۰۰ تا ۱۵۰ میلیگرم کلیسیم ماست از مواد لبنی است و حاوی کلسیم بالا است.
در پایان جنگ‌های ۲۸ ساله ایران و روسیه و پس از تصرف شهر ایروان، روس‌ها به سمت خانات نخجوان لشکر کشیدند و با عهدنامه ترکمانچای، رود ارس مرز میان ایران و روسیه تعین شد.,در پایان جنگ‌های ۲۸ ساله ایران و روسیه و پس از گرفتن شهر ایروان، روس‌ها به سمت خانات نخجوان رفتند و با قرارداد ترکمانچای، رود ارس مرز میان ایران و روسیه تعین شد.,در پایان جنگ‌های ۲۸ ساله ایران و روسیه و پس از تصرف شهر ایروان، روس‌ها به سمت خانات نخجوان لشکر کشیدند و با عهدنامه ترکمانچای، رود ارس مرز میان ایران و روسیه تعین شد.
به گزارش رسانه ایران به نقل از ایسنا، متن بیانیه جنبش غیرمتعهد‌ها به شرح زیر است: آقای رییس ۱ جنبش غیرمتعهدها مایل است مراتب تشکر خود را از مدیر‌کل آژانس بین‌المللی انرژی اتمی، یوکیا آمانو، به خاطر گزارش وی درباره اجرای موافقت‌نامه پادمان در جمهوری اسلامی ایران مندرج در سند ۶۲  ۲۰۱۰   ابراز کند.,به گزارش رسانه ایران به نقل از ایسنا، متن بیانیه جنبش غیرمتعهد‌ها به شرح زیر است: آقای رییس ۱ جنبش غیرمتعهدها می‌خواهد بارها تشکر خود را از مدیر‌کل آژانس بین‌المللی انرژی اتمی، یوکیا آمانو، به خاطر گزارش وی درباره اجرای قرارداد پادمان در جمهوری اسلامی ایران مندرج در سند ۶۲ ۲۰۱۰ ابراز کند.,به گزارش رسانه ایران به نقل از ایسنا، متن بیانیه جنبش غیرمتعهد‌ها به شرح زیر است: آقای رییس ۱ جنبش غیرمتعهدها مایل است مراتب تشکر خود را از مدیر‌کل آژانس بین‌المللی انرژی اتمی، یوکیا آمانو، به خاطر گزارش وی درباره اجرای موافقت‌نامه پادمان در جمهوری اسلامی ایران مندرج در سند ۶۲  ۲۰۱۰   ابراز کند.
همه میگن که محاله بیای تو جلسه حاجی و منقلب برنگردی؛ منم که سال‌هاس که انگار اشک با چشمام قهر کرده.,همه میگن که ممکن نیست بیای تو جلسه حاجی و ناراحت برنگردی؛ منم که سال‌هاس که انگار اشک با چشمام قهر کرده.,همه میگن که محاله بیای تو جلسه حاجی و منقلب برنگردی؛ منم که سال‌هاس که انگار اشک با چشمام قهر کرده.
او همچنین در جلسات مناظره ابوبکر الخطاب عالم حنفی شرکت کرد و شاید در آنجا نزد محمد بن ابراهیم المقانه‌ای الرازی، از شاگردان ابوالقاسم البلخی، کلام تحصیل‌کرده باشد.,او همچنین در جلسه‌های گفتگو ابوبکر الخطاب عالم حنفی شرکت کرد و شاید در آنجا در کنار محمد بن ابراهیم المقانه‌ای الرازی، از شاگردان ابوالقاسم البلخی، کلام یادگرفته باشد.,او همچنین در جلسات مناظره ابوبکر الخطاب عالم حنفی شرکت کرد و شاید در آنجا نزد محمد بن ابراهیم المقانه‌ای الرازی، از شاگردان ابوالقاسم البلخی، کلام تحصیل‌کرده باشد.
در وزن ۶۰  کیلوگرم که از میان مدعیان تنها تاکاتو ی ژاپنی با رنکنیگ یک دنیا غیبت داشت، نفراتدوم تا هفتم رنکنیگ طعم تلخ شکست را چشیدند.,در وزن ۶۰  کیلوگرم که از میان شرکت کنندگان تنها تاکاتو ی ژاپنی با رتبه یک دنیا نبود، نفراتدوم تا هفتم رتبه‌بندی طعم تلخ شکست را چشیدند.,در وزن ۶۰  کیلوگرم که از میان شرکت‌کنندگان تنها تاکاتو ی ژاپنی با رتبه یک دنیا غیبت داشت، نفراتدوم تا هفتم رتبه طعم تلخ شکست را چشیدند.
از این رو با اولویت گذاری میان استان‌های محروم و استان‌هایی با نرخ بیکاری بالاتر از متوسط طرح کارورزی را به اجرا می‌گذارد تا با کاهش هزینه‌های آموزشی به نیروی کار بنگاه‌ها را برای جذب فارغ التحصیلان دانشگاهی تشویق کند.,به این علت با اولویت گذاری میان استان‌های محروم و استان‌هایی با مقدار بیکاری بالاتر از متوسط طرح کارورزی را به اجرا می‌گذارد تا با کاهش هزینه‌های آموزشی به نیروی کار مراکز را برای جذب فارغ التحصیلان دانشگاهی تشویق کند.,بنابراین با اولویت گذاری میان استان‌های فقیر و استان‌هایی با نرخ بیکاری بالاتر از متوسط طرح کارورزی را به اجرا می‌گذارد تا با کاهش هزینه‌های آموزشی به نیروی کار شرکتها را برای جذب فارغ التحصیلان دانشگاهی تشویق کند.
اصلاح نانویی استفاده از ذرات نانو برای اصلاح محیطی و تصفیه آب مقاله اصلی نانو فیلتراسیون و اصلاح نانویی تکنولوژی نانو پتانسیل مواد نانویی نو برای تصفیه آبهای سطحی، آبهای زیر زمینی، فاضلاب و دیگر مواد محیطی آلوده‌شده بوسیله مواد سمی و یون‌ها و املاح ارگانیک و غیر ارگانیک و میکروارگانیسم‌ها را پیشنهاد می‌دهد.,اصلاح نانویی استفاده از ذرات نانو برای اصلاح محیطی و تصفیه آب مقاله اصلی نانو فیلتراسیون و اصلاح نانویی تکنولوژی نانو پتانسیل مواد نانویی نو برای تصفیه آبهای سطحی، آبهای زیر زمینی، فاضلاب و دیگر مواد محیطی آلوده‌شده بوسیله مواد سمی و یون‌ها و املاح طبیعی و غیر طبیعی و میکروارگانیسم‌ها را پیشنهاد می‌دهد.,اصلاح نانویی استفاده از ذرات نانو برای اصلاح محیطی و تصفیه آب مقاله اصلی نانو فیلتراسیون و اصلاح نانویی تکنولوژی نانو پتانسیل مواد نانویی نو برای تصفیه آبهای سطحی، آبهای زیر زمینی، فاضلاب و دیگر مواد محیطی آلوده‌شده بوسیله مواد سمی و یون‌ها و املاح ارگانیک و غیر ارگانیک و میکروارگانیسم‌ها را پیشنهاد می‌دهد.
برای درمان الوپسی مردانه از مینوکسیدیل موضعی و روشهای جراحی مختلف می‌توان سود برد.,برای درمان الوپسی مردانه از مینوکسیدیل موضعی و روشهای جراحی مختلف می‌توان استفاده کرد.,برای درمان کچلی مردانه از مینوکسیدیل موضعی و روشهای جراحی مختلف می‌توان سود برد.
تماماین انسانیت‌ها را فراموش کردندواین خاله‌زنک بازی‌ها را راه انداختند که من درتمام عمرم از آن فراری بوده‌ام.,تماماین انسان بودن‌ ها را فراموش کردندواین خاله‌زنک بازی‌ها را راه انداختند که من درتمام عمرم از آن فراری بوده‌ام.,تماماین انسانیت‌ها را فراموش کردندواین خاله‌زنک بازی‌ها را راه انداختند که من درتمام عمرم از آن فراری بوده‌ام.
مشکلات و راه‌حل درست‌کردن بتونه برای حل مشکلات مربوط به میزان چسبندگی و شل‌بودن بتونه به دو دلیل اساسی اشاره می‌شود: اگر بتونه‌ای که جهت مصرف در نقاشی ساختمان درست شده‌است مشکل سفت‌بودن را داشته باشیم، باید یادآور شد که در ساخت بتونه از آب زیاد استفاده شده‌است.,مشکلات و راه‌حل درست‌کردن بتونه برای حل مشکلات مربوط به میزان چسبندگی و شل‌بودن بتونه به دو دلیل اساسی اشاره می‌شود: اگر بتونه‌ای که جهت مصرف در نقاشی ساختمان درست شده‌است مشکل سفت‌بودن را داشته باشیم، باید گفت که در ساخت بتونه از آب زیاد استفاده شده‌است.,مشکلات و راه‌حل درست‌کردن بتونه برای حل مشکلات مربوط به میزان چسبندگی و شل‌بودن بتونه به دو دلیل اساسی اشاره می‌شود: اگر بتونه‌ای که جهت مصرف در نقاشی ساختمان درست شده‌است مشکل سفت‌بودن را داشته باشیم، باید یادآور شد که در ساخت بتونه از آب زیاد استفاده شده‌است.
و مهرورزی کن نسبت به آنکه با تو خشونت می‌کند.,و محبت کن نسبت به آنکه با تو بدی می‌کند.,و مهربانی کن نسبت به آنکه با تو خشونت می‌کند.
اطلاعات و امکانات رفاهی و علمی و روشمندباید محققانه و نقادانه باشند و رویکرد منتقد به نقد امروز می‌بایست رویکردی روانشناسانه و جامعه‌شناسانه توام با ایده‌هایی نو و فلسفی باشد.,اطلاعات و امکانات رفاهی و علمی و روشمندباید با تحقیق و پرسش کننده باشند و رویکرد منتقد به نقد امروز می‌بایست روشی روانشناسانه و جامعه‌شناسانه همراه با ایده‌هایی نو و فلسفی باشد.,اطلاعات و امکانات رفاهی و علمی و روشمندباید محققانه و انتقادانه باشند و روش منتقد به نقد امروز می‌بایست روشی روانشناسانه و جامعه‌شناسانه همراه با ایده‌هایی نو و فلسفی باشد.
حسین مسگرانی مدیرکل فرهنگ و ارشاد اسلامی سیستان و بلوچستان با بیان این مطلب به خبرنگار شبستان گفت: نمایشگاه بزرگ کتاب با حضور صالحی معاون فرهنگی وزارت فرهنگ و ارشاد اسلامی، فردا در زاهدان گشایش می‌یابد.,حسین مسگرانی مدیرکل فرهنگ و ارشاد اسلامی سیستان و بلوچستان با بیان این مطلب به خبرنگار شبستان گفت: نمایشگاه بزرگ کتاب با حضور صالحی معاون فرهنگی وزارت فرهنگ و ارشاد اسلامی، فردا در زاهدان باز می‌شود.,حسین مسگرانی مدیرکل فرهنگ و ارشاد اسلامی سیستان و بلوچستان با بیان این مطلب به خبرنگار شبستان گفت: نمایشگاه بزرگ کتاب با حضور صالحی معاون فرهنگی وزارت فرهنگ و ارشاد اسلامی، فردا در زاهدان شروع می‌شود.
در سال ۱۹۳۰ به تشخیص اسقف اعظم وقت خلیفه‌گری سنندج، مار یوحنا نیسان به عنوان خادم مسیح برگزیده شد و سپس جهت تحصیل در رشته الهیات به شهر موصل در عراق فرستاده شد تا دوره‌های لازمه را طی نماید.,در سال ۱۹۳۰ به تشخیص اسقف بزرگ آن زمان خلیفه‌گری سنندج، مار یوحنا نیسان به عنوان خادم مسیح برگزیده شد و سپس جهت تحصیل در رشته الهیات به شهر موصل در عراق فرستاده شد تا دوره‌های لازمه را طی نماید.,در سال ۱۹۳۰ به تشخیص اسقف اعظم وقت خلیفه‌گری سنندج، مار یوحنا نیسان به عنوان خادم مسیح برگزیده شد و بعد برای تحصیل در رشته الهیات به شهر موصل در عراق فرستاده شد تا دوره‌های لازمه را طی نماید.
در سال‌های اخیر که دولت افغانستان سعی کرده این منطقه را به گردشگران خارجی بشناساند بین ۱۰۰ تا ۳۰۰ گردشگر در سال از آن بازدید می‌کنند اما حکومت افغانستان با ایجاد پارک ملی در واخان امیدوار است که توجه سیاحان و علاقمندان بیشتری را به منطقه جلب کند.,در سال‌های اخیر که دولت افغانستان سعی کرده این منطقه را به گردشگران خارجی بشناساند بین ۱۰۰ تا ۳۰۰ گردشگر در سال از آن بازدید می‌کنند اما حکومت افغانستان با ایجاد پارک ملی در واخان امیدوار است که توجه گردشگران و علاقمندان بیشتری را به منطقه جلب کند.,در سال‌های اخیر که دولت افغانستان سعی کرده این منطقه را به گردشگران خارجی بشناساند بین ۱۰۰ تا ۳۰۰ گردشگر در سال از آن دیدن می‌کنند اما حکومت افغانستان با ایجاد پارک ملی در واخان امیدوار است که توجه گردشگران و علاقمندان بیشتری را به منطقه جلب کند.
البته باید یاداور شد که برای آن‌که ساختمانی پایدار باشد ضرورتی ندارد که در محیط پیرامون مخلوط و همرنگ گردد.,البته باید یاداور شد که برای آن‌که ساختمانی مقاوم باشد ضرورتی ندارد که در محیط پیرامون مخلوط و همرنگ گردد.,البته باید یاداور شد که برای آن‌که ساختمانی پایدار باشد نیازی نیست که در محیط اطراف مخلوط و یکرنگ گردد.
نصیریان در ادامه حتی مخالفتش را با دیدن راش تصاویر فیلمبرداری‌شده اعلام می‌کند.,نصیریان در ادامه حتی مخالفتش را با دیدن راش تصاویر فیلمبرداری‌شده اعلام می‌کند.,نصیریان در ادامه حتی مخالفتش را با دیدن راش تصاویر فیلمبرداری‌شده اعلام می‌کند.
از وی اشعاری عرفانی معنوی به سبک عراقی و مدایح و مراثی اهل‌بیت بجا مانده‌است:  سال‌ها در بحر فکرت غوطه‌ور گشتم که گشت طوطی طبعم به گلزار معانی نغمه‌زن مدح و ذم کس نگفتم هیچ‌گه در عمر خویش کوس استغنا زدم بر خلق در سر و علن,از وی اشعاری عرفانی معنوی به سبک عراقی و سرودها و اشعار اهل‌بیت بجا مانده‌است:  سال‌ها در دریای فکر بودم که گشت طوطی طبعم به گلزار معانی نغمه‌زن مدح و ذم کس نگفتم هیچ‌گه در عمر خویش کوس استغنا زدم بر خلق در سر و علن,از وی اشعاری عرفانی معنوی به سبک عراقی و مداحی‌ها و مرثیه‌های اهل‌بیت بجا مانده‌است:  سال‌ها در بحر فکرت غوطه‌ور گشتم که گشت طوطی طبعم به گلزار معانی نغمه‌زن مدح و ذم کس نگفتم هیچ‌گه در عمر خویش کوس استغنا زدم بر خلق در سر و علن
واقعیت این است که تمام این سبزیجات حاوی سولانین است که میزان بالای آن به عنوان یک آلکالوئید سمی شناخته می‌شود.,واقعیت این است که تمام این سبزیجات حاوی سولانین است که میزان بالای آن به عنوان یک آلکالوئید سمی شناخته می‌شود.,واقعیت این است که تمام این سبزیجات حاوی سولانین است که مقدار بالای آن به عنوان یک آلکالوئید سمی شناخته می‌شود.
لوبیا سبز حاوی فیبرهایی است که قلبتان را نجات می‌دهد فیبر‌های حلال موجود در لوبیا سبز باعث می‌شود که میزان کلسترول بد خون  کاهش یابد.,لوبیا سبز حاوی فیبرهایی است که قلبتان را نجات می‌دهد فیبر‌های حلال موجود در لوبیا سبز باعث می‌شود که میزان کلسترول بد خون  کاهش یابد.,لوبیا سبز حاوی فیبرهایی است که قلبتان را نجات می‌دهد فیبر‌های حلال موجود در لوبیا سبز باعث می‌شود که میزان کلسترول بد خون  کم شود.
رئیس دستگاه قضا افزود: آن حقیقتی که در قرآن با قسم بر آن تأکید شده است قسمتی که خود قرآن می‌فرماید و انه لقسم لو تعلمون عظیم این است که  انه لقرآن کریم فی‌کتاب مکنون لا یمسه الاالمطهرون تنزیل من رب‌العالمین آن حقیقت بزرگ این است که آن امر وحیانی نازل قرآن کریم است، در کتابی مکنون که جز پاکان آن را مس نمی‌کنند به حقایق آن دسترسی پیدا نمی‌کنند.,رئیس دستگاه قضا افزود: آن حقیقتی که در قرآن با قسم بر آن تأکید شده است قسمتی که خود قرآن می‌فرماید و انه لقسم لو تعلمون عظیم این است که  انه لقرآن کریم فی‌کتاب مکنون لا یمسه الاالمطهرون تنزیل من رب‌العالمین آن حقیقت بزرگ این است که آن امر وحیانی نازل قرآن کریم است، در کتابی  که جز پاکان آن را لمس نمی‌کنند به حقایق آن دسترسی پیدا نمی‌کنند.,رئیس دستگاه قضا افزود: آن حقیقتی که در قرآن با قسم بر آن تأکید شده است قسمتی که خود قرآن می‌فرماید و انه لقسم لو تعلمون عظیم این است که  انه لقرآن کریم فی‌کتاب مکنون لا یمسه الاالمطهرون تنزیل من رب‌العالمین آن حقیقت بزرگ این است که آن امر وحیانی نازل قرآن کریم است، در کتابی مخفی که جز پاکان آن را لمس نمی‌کنند به حقایق آن دسترسی پیدا نمی‌کنند.
دولت به این موضوع توجه کند و مسئولان فرهنگی هم باید توجه داشته باشند که چه می‌کنند، در مسائل فرهنگی نمی‌توان بی‌ملاحظگی کرد.,دولت به این موضوع توجه کند و مسئولان فرهنگی هم باید توجه داشته باشند که چه می‌کنند، در مسائل فرهنگی نمی‌توان بی‌توجهی کرد.,دولت به این موضوع توجه کند و مسئولان فرهنگی هم باید توجه داشته باشند که چه می‌کنند، در مسائل فرهنگی نمی‌توان بی‌دقتی کرد.
اکنون یک تیم پژوهشی در آمریکا دریافته‌اند که جریان‌های گدازه‌ای باستانی در نزدیکی سواحل جزیره بافین در اقیانوس منجمد شمالی در شرق نوناووت در کانادا، حاوی بالاترین میزان گاز هلیوم-۳ و هلیوم-۴ هستند. اما آنها چگونه به این محل رسیده‌اند؟,اکنون یک تیم پژوهشی در آمریکا دریافته‌اند که جریان‌های گدازه‌ای باستانی در نزدیکی سواحل جزیره بافین در اقیانوس منجمد شمالی در شرق نوناووت در کانادا، حاوی بالاترین میزان گاز هلیوم-۳ و هلیوم-۴ هستند. اما آنها چگونه به این محل رسیده‌اند؟,اکنون یک تیم تحقیقاتی در آمریکا فهمیده‌اند که جریان‌های گدازه‌ای باستانی در نزدیکی سواحل جزیره بافین در اقیانوس منجمد شمالی در شرق نوناووت در کانادا، شامل بالاترین میزان گاز هلیوم-۳ و هلیوم-۴ هستند. اما آنها چگونه به این محل رسیده‌اند؟
حجت‌الاسلام والمسلمین محسنی اژه‌ای در ابتدای نشست خبری امروز آغاز دهه کرامت و ولادت حضرت فاطمه معصومه س و ولادت حضرت علی ابن موسی‌الرضا ع و سالرزو ورود آزادگان عزیز به کشور را تبریک گفت.,حجت‌الاسلام والمسلمین محسنی اژه‌ای در ابتدای نشست خبری امروز آغاز دهه کرامت و تولد حضرت فاطمه معصومه س و ولادت حضرت علی ابن موسی‌الرضا ع و سالرزو ورود آزادگان عزیز به کشور را تبریک گفت.,حجت‌الاسلام والمسلمین محسنی اژه‌ای در شروع جلسه خبری امروز شروع دهه کرامت و تولد حضرت فاطمه معصومه س و تولد حضرت علی ابن موسی‌الرضا ع و سالرزو ورود آزادگان عزیز به کشور را تبریک گفت.
به گزارش پایگاه خبری شبکه العالم، دعاء سویدان در مطلبی در روزنامه الاخبار لبنان نوشت: به نظر می‌رسد سناریوی حمایت شیوخ وهابیت و اصرار بر انکار منبعی که انتحاری‌های گروه تروریستی داعش از آن تغذیه می‌شوند، ادامه‌دار باشد.,به گزارش پایگاه خبری شبکه العالم، دعاء سویدان در مطلبی در روزنامه الاخبار لبنان نوشت: به نظر می‌رسد سناریوی حمایت شیخ‌های وهابیت و اصرار بر انکار منبعی که انتحاری‌های گروه تروریستی داعش از آن تغذیه می‌شوند، ادامه‌دار باشد.,به گزارش پایگاه خبری شبکه العالم، دعاء سویدان در مطلبی در روزنامه الاخبار لبنان نوشت: به نظر می‌رسد قضیه حمایت شیوخ وهابیت و اصرار بر رد منبعی که انتحاری‌های گروه تروریستی داعش از آن تغذیه می‌شوند، ادامه‌دار باشد.
بدن به اسیدهای آمینه نیاز دارد اما اسید آمینه‌ای مانند آرژنین و لایسین که بدن نمی‌تواند به طور طبیعی آن را تولید کند، باید از منابع غذایی تأمین شود.,بدن به اسیدهای آمینه نیاز دارد اما اسید آمینه‌ای مانند آرژنین و لایسین که بدن نمی‌تواند به طور طبیعی آن را تولید کند، باید از منابع غذایی تأمین شود.,بدن به اسیدهای آمینه نیاز دارد اما اسید آمینه‌ای مانند آرژنین و لایسین که بدن نمی‌تواند به طور طبیعی آن را تولید کند، باید از منابع غذایی تأمین شود.
موسیقی استودیو آلبوم  لیست آلبوم عنوان جزئیات تری هوس منتشر شده: فروردین سال ۲۰۱۸ تمدید پخش  لیست تمدید پخش عنوان جزئیات ساف انیمال منتشر شد: ۸ ژوئیه ۲۰۱۶ برچسب‌ها: منتشر شد فرمت: دیجیتال دانلود تک‌آهنگ,موسیقی استودیو آلبوم  لیست آلبوم عنوان جزئیات تری هوس منتشر شده: فروردین سال ۲۰۱۸ تمدید پخش  لیست تمدید پخش عنوان جزئیات ساف انیمال منتشر شد: ۸ ژوئیه ۲۰۱۶ برچسب‌ها: منتشر شد فرمت: دیجیتال دانلود تک‌آهنگ,موسیقی استودیو آلبوم  لیست آلبوم عنوان جزئیات تری هوس منتشر شده: فروردین سال ۲۰۱۸ تمدید پخش  لیست تمدید پخش عنوان جزئیات ساف انیمال منتشر شد: ۸ ژوئیه ۲۰۱۶ برچسب‌ها: منتشر شد فرمت: دیجیتال دانلود تک‌آهنگ
جمهوری صحرا همچنین میهمان جلسات جنبش غیرمتعهدها بوده‌است.,جمهوری صحرا همچنین میهمان جلسات جنبش غیرمتعهدها بوده‌است.,جمهوری صحرا همچنین میهمان جلسات جنبش غیرمتعهدها بوده‌است.
ترانه اونا به ما اهمیتی نمی‌دن از همین آلبوم به ترانه‌ای یهودستیزانه معروف شد اما جکسون این ادعا را رد کرد.,ترانه اونا به ما اهمیتی نمی‌دن از همین آلبوم به ترانه‌ای ضدیهودی معروف شد اما جکسون این ادعا را رد کرد.,ترانه اونا به ما اهمیتی نمی‌دن از همین آلبوم به ترانه‌ای یهودستیزانه معروف شد اما جکسون این ادعا را رد کرد.
این دوگانگی نه‌تنها بیانگر خلاء‌های قانونی فراوان و امکان دورزدن و تفسیر به‌رأی قوانین فعلی در نظام اداری در جهت منافع شخصی است، بلکه گویای این نکته است که نظام اداری گسترده و در عین‌حال قدیمی کشور، همچنان از ضعف ساختاری و فقدان یک سیستم کنترلی و نظارتی کارآمد و منسجم برای شناسایی متخلفین و رفع نواقص و معایب و در یک‌کلام قابلیت آسیب‌شناسی و برخورد با متخلفین و در واقع، پیشگیری از جرائم و تخلفات بی‌بهره است.,این دوگانگی نه‌تنها بیانگر کمبودهای قانونی زیاد و امکان گول زدن و تفسیر به‌رأی قوانین الان در نظام اداری در جهت سود شخصی است، بلکه گویای این نکته است که نظام اداری بزرگ و در عین‌حال قدیمی کشور، همچنان از ضعف ساختاری و نبود یک سیستم کنترلی و نظارتی کارآمد و یکدست برای شناسایی خلاف‌کاران و رفع کمبود و عیب‌ها و در یک‌کلام قابلیت آسیب‌شناسی و برخورد با خلاف‌کاران و در واقع، جلوگیری از جرائم و تخلفات بی فایده است.,این دوگانگی نه‌تنها بیانگر خلاء‌های قانونی فراوان و امکان دورزدن و تفسیر به‌رأی قوانین فعلی در نظام اداری در جهت منافع شخصی است، بلکه گویای این نکته است که نظام اداری گسترده و در عین‌حال قدیمی کشور، همچنان از ضعف ساختاری و نبود یک سیستم کنترلی و نظارتی مفید و متمرکز برای شناسایی متخلفین و رفع ایرادها و مشکل‌ها و در یک‌کلام قابلیت آسیب‌شناسی و برخورد با متخلفین و در واقع، جلوگیری از جرائم و تخلفات بی‌بهره است.
وی در پاسخ به اینکه نوبخت دو سمت مهم در دولت دارد و این‌چنین فعالیت‌هایی ممکن است به سمت استفاده از رانت دولتی پش برود، گفت: اگر از امکانات و رانت دولت استفاده نشود منعی وجود ندارد اما این نگرانی نیز به صورت طبیعی مطرح است چرا که در دولت‌های قبل رایحه خوش‌خدمت و یا مشارکتی‌ها از رانت دولت برای اینگونه فعالیت‌ها استفاده کردند.,وی در پاسخ به اینکه نوبخت دو جایگاه مهم در دولت دارد و این‌چنین فعالیت‌هایی ممکن است به جایگاه استفاده از رانت دولتی پش برود، گفت: اگر از امکانات و رانت دولت استفاده نشود مشکلی وجود ندارد اما این نگرانی نیز به صورت طبیعی مطرح است چرا که در دولت‌های قبل بو خوش‌خدمت و یا مشارکتی‌ها از رانت دولت برای اینگونه فعالیت‌ها استفاده کردند.,وی در پاسخ به اینکه نوبخت دو نقش مهم در دولت دارد و این‌چنین فعالیت‌هایی ممکن است به سمت استفاده از رانت دولتی پش برود، گفت: اگر از امکانات و رانت دولت استفاده نشود منعی وجود ندارد اما این نگرانی نیز به صورت طبیعی مطرح است چرا که در دولت‌های قبل رایحه خوش‌خدمت و یا مشارکتی‌ها از رانت دولت برای اینگونه فعالیت‌ها استفاده کردند.
عادله هنوز نمیتوانست بگوید بابا اما حسابی بابایی بود.,عادله هنوز نمیتوانست بگوید بابا اما حسابی بابایی بود.,عادله هنوز نمیتوانست بگوید بابا اما حسابی بابایی بود.
در ادامه تکنیک هایی را که برای مهار و غلبه بر خشم بسیار موثر است، با یکدیگر بر روی کلمات هیجانی اجرا کردیم و بعد از او خواستم تا آن نوشته را در زباله‌دان بیاندازد.,در ادامه روش هایی را که برای جلوگیری و پیروزی بر خشم بسیار موثر است، با یکدیگر بر روی کلمات هیجانی اجرا کردیم و بعد از او خواستم تا آن نوشته را در سطل آشغال بیاندازد.,در ادامه روش هایی را که برای مهار و غلبه بر خشم بسیار موثر است، با یکدیگر بر روی کلمات هیجانی اجرا کردیم و بعد از او خواستم تا آن نوشته را در زباله‌دان بیاندازد.
رویا نوری، کارشناس ارشد جامعه شناسی: ۲ ٫ ۱ مردم تهران در روز، هفته یا ماه شیشه مصرف میکنند که این یعنی ۱۷۶ هزار نفر از اهالی پایتخت هر از گاهی شیشه میکشند و این خطرناک است.,رویا نوری، کارشناس ارشد جامعه شناسی: ۲ ٫ ۱ مردم تهران در روز، هفته یا ماه شیشه مصرف میکنند که این یعنی ۱۷۶ هزار نفر از اهالی پایتخت هر از گاهی شیشه میکشند و این خطرناک است.,رویا نوری، کارشناس ارشد جامعه شناسی: ۲ ٫ ۱ مردم تهران در روز، هفته یا ماه شیشه مصرف میکنند که این یعنی ۱۷۶ هزار نفر از اهالی پایتخت هر از گاهی شیشه میکشند و این خطرناک است.
